<?xml version="1.0" encoding="UTF-8"?>
<!--
     This is example metadata only. Do *NOT* supply it as is without review,
     and do *NOT* provide it in real time to your partners.

     This metadata is not dynamic - it will not change as your configuration changes.
-->
<EntityDescriptor  xmlns="urn:oasis:names:tc:SAML:2.0:metadata" xmlns:ds="http://www.w3.org/2000/09/xmldsig#" xmlns:shibmd="urn:mace:shibboleth:metadata:1.0" xmlns:xml="http://www.w3.org/XML/1998/namespace" xmlns:mdui="urn:oasis:names:tc:SAML:metadata:ui" xmlns:req-attr="urn:oasis:names:tc:SAML:protocol:ext:req-attr" validUntil="2030-01-16T03:18:14.261Z" entityID="https://XXXX-FullyQualifiedDomainName-XXXX/idp/shibboleth">

    <IDPSSODescriptor protocolSupportEnumeration="urn:oasis:names:tc:SAML:2.0:protocol urn:oasis:names:tc:SAML:1.1:protocol urn:mace:shibboleth:1.0">

        <Extensions>
            <shibmd:Scope regexp="false">XXXX-ParentDomain-XXXX</shibmd:Scope>
<!--
    Fill in the details for your IdP here 

            <mdui:UIInfo>
                <mdui:DisplayName xml:lang="en"><A NAME FOR YOUR IDP></mdui:DisplayName>
                <mdui:Description xml:lang="en"><A DESCRIPTION FOR YOUR IDP></mdui:Description>
                <mdui:Logo height="80" width="80"><URL FOR THE LOGO FOR YOUR IDP></mdui:Logo>
            </mdui:UIInfo>
-->
        </Extensions>

        <!-- First signing certificate is BackChannel, the Second is FrontChannel -->
        <KeyDescriptor use="signing">
            <ds:KeyInfo>
                    <ds:X509Data>
                        <ds:X509Certificate>
XXXX-BackchannelPublicCert-XXXX
                        </ds:X509Certificate>
                    </ds:X509Data>
            </ds:KeyInfo>

        </KeyDescriptor>
        <KeyDescriptor use="signing">
            <ds:KeyInfo>
                    <ds:X509Data>
                        <ds:X509Certificate>
XXXX-SigningPublicCert-XXXX
                        </ds:X509Certificate>
                    </ds:X509Data>
            </ds:KeyInfo>

        </KeyDescriptor>
        <KeyDescriptor use="encryption">
            <ds:KeyInfo>
                    <ds:X509Data>
                        <ds:X509Certificate>
XXXX-EncryptionPublicCert-XXXX
                        </ds:X509Certificate>
                    </ds:X509Data>
            </ds:KeyInfo>

        </KeyDescriptor>

        <ArtifactResolutionService Binding="urn:oasis:names:tc:SAML:1.0:bindings:SOAP-binding" Location="https://XXXX-FullyQualifiedDomainName-XXXX/idp/profile/SAML1/SOAP/ArtifactResolution" index="1"/>
        <ArtifactResolutionService Binding="urn:oasis:names:tc:SAML:2.0:bindings:SOAP" Location="https://XXXX-FullyQualifiedDomainName-XXXX/idp/profile/SAML2/SOAP/ArtifactResolution" index="2"/>

        <!--
        <SingleLogoutService Binding="urn:oasis:names:tc:SAML:2.0:bindings:HTTP-Redirect" Location="https://XXXX-FullyQualifiedDomainName-XXXX/idp/profile/SAML2/Redirect/SLO"/>
        <SingleLogoutService Binding="urn:oasis:names:tc:SAML:2.0:bindings:HTTP-POST" Location="https://XXXX-FullyQualifiedDomainName-XXXX/idp/profile/SAML2/POST/SLO"/>
        <SingleLogoutService Binding="urn:oasis:names:tc:SAML:2.0:bindings:HTTP-POST-SimpleSign" Location="https://XXXX-FullyQualifiedDomainName-XXXX/idp/profile/SAML2/POST-SimpleSign/SLO"/>
        <SingleLogoutService Binding="urn:oasis:names:tc:SAML:2.0:bindings:SOAP" Location="https://XXXX-FullyQualifiedDomainName-XXXX/idp/profile/SAML2/SOAP/SLO"/>
        -->

        <SingleSignOnService Binding="urn:mace:shibboleth:1.0:profiles:AuthnRequest" Location="https://XXXX-FullyQualifiedDomainName-XXXX/idp/profile/Shibboleth/SSO"/>
        <SingleSignOnService Binding="urn:oasis:names:tc:SAML:2.0:bindings:HTTP-POST" req-attr:supportsRequestedAttributes="true" Location="https://XXXX-FullyQualifiedDomainName-XXXX/idp/profile/SAML2/POST/SSO"/>
        <SingleSignOnService Binding="urn:oasis:names:tc:SAML:2.0:bindings:HTTP-POST-SimpleSign" req-attr:supportsRequestedAttributes="true" Location="https://XXXX-FullyQualifiedDomainName-XXXX/idp/profile/SAML2/POST-SimpleSign/SSO"/>
        <SingleSignOnService Binding="urn:oasis:names:tc:SAML:2.0:bindings:HTTP-Redirect" req-attr:supportsRequestedAttributes="true" Location="https://XXXX-FullyQualifiedDomainName-XXXX/idp/profile/SAML2/Redirect/SSO"/>

    </IDPSSODescriptor>


    <AttributeAuthorityDescriptor protocolSupportEnumeration="urn:oasis:names:tc:SAML:1.1:protocol">

        <Extensions>
            <shibmd:Scope regexp="false">XXXX-ParentDomain-XXXX</shibmd:Scope>
        </Extensions>

        <!-- First signing certificate is BackChannel, the Second is FrontChannel -->
        <KeyDescriptor use="signing">
            <ds:KeyInfo>
                    <ds:X509Data>
                        <ds:X509Certificate>
XXXX-BackchannelPublicCert-XXXX
                        </ds:X509Certificate>
                    </ds:X509Data>
            </ds:KeyInfo>

        </KeyDescriptor>
        <KeyDescriptor use="signing">
            <ds:KeyInfo>
                    <ds:X509Data>
                        <ds:X509Certificate>
XXXX-SigningPublicCert-XXXX
                        </ds:X509Certificate>
                    </ds:X509Data>
            </ds:KeyInfo>

        </KeyDescriptor>
        <KeyDescriptor use="encryption">
            <ds:KeyInfo>
                    <ds:X509Data>
                        <ds:X509Certificate>
XXXX-EncryptionPublicCert-XXXX
                        </ds:X509Certificate>
                    </ds:X509Data>
            </ds:KeyInfo>

        </KeyDescriptor>

        <AttributeService Binding="urn:oasis:names:tc:SAML:1.0:bindings:SOAP-binding" Location="https://XXXX-FullyQualifiedDomainName-XXXX/idp/profile/SAML1/SOAP/AttributeQuery"/>
        <!-- <AttributeService Binding="urn:oasis:names:tc:SAML:2.0:bindings:SOAP" Location="https://XXXX-FullyQualifiedDomainName-XXXX/idp/profile/SAML2/SOAP/AttributeQuery"/> -->
        <!-- If you uncomment the above you should add urn:oasis:names:tc:SAML:2.0:protocol to the protocolSupportEnumeration above -->

    </AttributeAuthorityDescriptor>

</EntityDescriptor>
